date,dizzy_updater|production
2021-07-29 11:00:00,2802.177705081846
2021-07-29 11:05:00,943.1068033282878
2021-07-29 11:10:00,843.1634634299712
2021-07-29 11:15:00,896.4735467797893
2021-07-29 11:20:00,759.8197403997183
2021-07-29 11:25:00,4202.299651584646
2021-07-29 11:30:00,4088.6100203597407
2021-07-29 11:35:00,3313.8628858550346
2021-07-29 11:40:00,4876.895866537386
2021-07-29 11:45:00,4020.261756888396
2021-07-29 11:50:00,10398.57496326718
2021-07-29 11:55:00,8584.70887666464
2021-07-29 12:00:00,6357.591558737651
2021-07-29 12:05:00,6166.000957388576
2021-07-29 12:10:00,7492.509447560462
2021-07-29 12:15:00,4518.63365043195
2021-07-29 12:20:00,5308.445893387531
2021-07-29 12:25:00,5759.677798393738
2021-07-29 12:30:00,6432.382045536532
2021-07-29 12:35:00,5659.652237423291
2021-07-29 12:40:00,6464.6557012004205
2021-07-29 12:45:00,8148.522430565855
2021-07-29 12:50:00,10174.543504600817
2021-07-29 12:55:00,10401.97739620734
2021-07-29 13:00:00,11401.223719314741
2021-07-29 13:05:00,18903.709738692985
2021-07-29 13:10:00,14790.755242110325
2021-07-29 13:15:00,30107.886808474803
2021-07-29 13:20:00,14131.676396620056
2021-07-29 13:25:00,11154.665180770557
2021-07-29 13:30:00,11506.907982136461
2021-07-29 13:35:00,10516.396072305866
2021-07-29 13:40:00,14048.628752709417
2021-07-29 13:45:00,30516.002971573685
2021-07-29 13:50:00,26690.849755933235
2021-07-29 13:55:00,12520.944914735597
2021-07-29 14:00:00,11126.86637613674
2021-07-29 14:05:00,11515.540842458679
2021-07-29 14:10:00,17959.329061326614
2021-07-29 14:15:00,12056.564540189436
2021-07-29 14:20:00,20573.583769112418
2021-07-29 14:25:00,11893.594639372495
2021-07-29 14:30:00,35516.81642345631
2021-07-29 14:35:00,12012.817120671272
2021-07-29 14:40:00,33908.090138228654
2021-07-29 14:45:00,16628.725424739652
2021-07-29 14:50:00,20495.200262095655
2021-07-29 14:55:00,22402.06361137091
2021-07-29 15:00:00,23520.033556822105
2021-07-29 15:05:00,26756.965483229742
2021-07-29 15:10:00,16197.349560835388
2021-07-29 15:15:00,96307.67660785865
2021-07-29 15:20:00,92484.16617080946
2021-07-29 15:25:00,24419.826910607786
2021-07-29 15:30:00,17935.20882686948
2021-07-29 15:35:00,18470.864377202983
2021-07-29 15:40:00,16739.69929336732
2021-07-29 15:45:00,18518.21478763456
2021-07-29 15:50:00,25717.872971813944
2021-07-29 15:55:00,33459.53209456961
2021-07-29 16:00:00,25130.041053648896
2021-07-29 16:05:00,19288.262850986826
2021-07-29 16:10:00,30926.635494638
2021-07-29 16:15:00,18051.21245110035
2021-07-29 16:20:00,40481.308539670295
2021-07-29 16:25:00,26150.222646298378
2021-07-29 16:30:00,22136.580476586623
2021-07-29 16:35:00,19198.935227155685
2021-07-29 16:40:00,41200.36353645029
2021-07-29 16:45:00,26937.35967767707
2021-07-29 16:50:00,49165.05419556305
2021-07-29 16:55:00,20363.47361958027
2021-07-29 17:00:00,29305.004885764414
2021-07-29 17:05:00,21364.84116639949
2021-07-29 17:10:00,21645.665097011075
2021-07-29 17:15:00,28457.5080110989
2021-07-29 17:20:00,23704.106854504582
2021-07-29 17:25:00,22282.157096028328
2021-07-29 17:30:00,28950.01565542494
2021-07-29 17:35:00,39993.97185983826
2021-07-29 17:40:00,50383.389532821035
2021-07-29 17:45:00,51861.27973486711
2021-07-29 17:50:00,27154.8765410008
2021-07-29 17:55:00,24098.357915997505
2021-07-29 18:00:00,28952.371946423078
2021-07-29 18:05:00,41410.18188588848
2021-07-29 18:10:00,47770.59263397829
2021-07-29 18:15:00,25237.31531214714
2021-07-29 18:20:00,35215.102346687054
2021-07-29 18:25:00,31239.077225375957
2021-07-29 18:30:00,28386.787456123726
2021-07-29 18:35:00,44349.40776131456
2021-07-29 18:40:00,31303.067960092405
2021-07-29 18:45:00,26975.67409515381
2021-07-29 18:50:00,34660.92640509613
2021-07-29 18:55:00,35020.96934339061
2021-07-29 19:00:00,48950.21926608444
2021-07-29 19:05:00,33672.98860918756
2021-07-29 19:10:00,33203.17297277952
2021-07-29 19:15:00,37928.86275457472
2021-07-29 19:20:00,31811.328911884695
2021-07-29 19:25:00,34441.98692504994
2021-07-29 19:30:00,35659.796405864734
2021-07-29 19:35:00,30004.465870141983
2021-07-29 19:40:00,34225.177433316916
2021-07-29 19:45:00,34178.09992233357
2021-07-29 19:50:00,36027.684110727736
2021-07-29 19:55:00,37010.74369837755
2021-07-29 20:00:00,59309.52442105388
2021-07-29 20:05:00,39044.388067436754
2021-07-29 20:10:00,36279.091695478084
2021-07-29 20:15:00,37237.3160703388
2021-07-29 20:20:00,35035.2207226368
2021-07-29 20:25:00,33621.682027166
2021-07-29 20:30:00,47590.05636295752
2021-07-29 20:35:00,36447.758247194935
2021-07-29 20:40:00,34771.6700737377
2021-07-29 20:45:00,35155.650967253816
2021-07-29 20:50:00,44031.405722249576
2021-07-29 20:55:00,35285.743990927935
2021-07-29 21:00:00,39056.5408388236
2021-07-29 21:05:00,37327.17752686142
2021-07-29 21:10:00,42356.81618467712
2021-07-29 21:15:00,36346.68347534537
2021-07-29 21:20:00,36984.139961842724
2021-07-29 21:25:00,36633.77531659603
2021-07-29 21:30:00,37680.78231310182
2021-07-29 21:35:00,47326.68806493455
2021-07-29 21:40:00,53535.1112080451
2021-07-29 21:45:00,37795.2202886343
2021-07-29 21:50:00,42465.4420294064
2021-07-29 21:55:00,40731.87957060813
2021-07-29 22:00:00,39308.994400404394
2021-07-29 22:05:00,40189.37119232102
2021-07-29 22:10:00,71764.87233429536
2021-07-29 22:15:00,40136.33627381792
2021-07-29 22:20:00,56060.7584871821
2021-07-29 22:25:00,44095.01327451932
2021-07-29 22:30:00,40983.12528436966
2021-07-29 22:35:00,42389.71773437171
2021-07-29 22:40:00,55697.22812726706
2021-07-29 22:45:00,41722.63407268814
2021-07-29 22:50:00,53746.08557327879
2021-07-29 22:55:00,42631.24021742439
2021-07-29 23:00:00,42285.111520051956
2021-07-29 23:05:00,43305.84680383098
2021-07-29 23:10:00,44604.383477233794
2021-07-29 23:15:00,43179.35116958618
2021-07-29 23:20:00,44006.356937311444
2021-07-29 23:25:00,44219.97051501771
2021-07-29 23:30:00,44134.595602333546
2021-07-29 23:35:00,46119.11015233288
2021-07-29 23:40:00,45697.46060192611
2021-07-29 23:45:00,46702.231140753174
2021-07-29 23:50:00,45554.65806424587
2021-07-29 23:55:00,49927.81291156201
2021-07-30 00:00:00,47018.512962405024
2021-07-30 00:05:00,46600.967910316154
2021-07-30 00:10:00,46583.96510207653
2021-07-30 00:15:00,47837.74873829756
2021-07-30 00:20:00,48248.798841509306
2021-07-30 00:25:00,48229.59350730114
2021-07-30 00:30:00,55332.14331593816
2021-07-30 00:35:00,48413.06520641767
2021-07-30 00:40:00,57741.581134328684
2021-07-30 00:45:00,56099.36484665019
2021-07-30 00:50:00,51439.758217637645
2021-07-30 00:55:00,64230.122663849186
2021-07-30 01:00:00,50500.15361214939
2021-07-30 01:05:00,66078.25143722324
2021-07-30 01:10:00,56980.37203042195
2021-07-30 01:15:00,53961.21146536566
2021-07-30 01:20:00,52471.88313679593
2021-07-30 01:25:00,54836.04260379076
2021-07-30 01:30:00,54522.32087243227
2021-07-30 01:35:00,53043.12770366728
2021-07-30 01:40:00,55013.84994438599
2021-07-30 01:45:00,55546.609474580124
2021-07-30 01:50:00,55457.870963036214
2021-07-30 01:55:00,57299.63414344957
2021-07-30 02:00:00,59389.003867479696
2021-07-30 02:05:00,108774.2165402982
2021-07-30 02:10:00,55625.325671573344
2021-07-30 02:15:00,54681.4471671995
2021-07-30 02:20:00,55725.06794800206
2021-07-30 02:25:00,55628.42720016621
2021-07-30 02:30:00,55906.73271993102
2021-07-30 02:35:00,63031.21592275097
2021-07-30 02:40:00,60179.09604519
2021-07-30 02:45:00,60927.579330665896
2021-07-30 02:50:00,73679.39153201022
2021-07-30 02:55:00,64797.1848870137
2021-07-30 03:00:00,75174.46282036137
2021-07-30 03:05:00,58147.347093985976
2021-07-30 03:10:00,59720.12154781191
2021-07-30 03:15:00,66631.7728045177
2021-07-30 03:20:00,65823.73611086924
2021-07-30 03:25:00,62666.41311415581
2021-07-30 03:30:00,72717.53935663404
2021-07-30 03:35:00,69224.61910065437
2021-07-30 03:40:00,65757.54823944118
2021-07-30 03:45:00,81847.53729582258
2021-07-30 03:50:00,64545.430875334
2021-07-30 03:55:00,63602.64172833545
2021-07-30 04:00:00,71153.24420928974
2021-07-30 04:05:00,71853.89094645316
2021-07-30 04:10:00,124650.47670761893
2021-07-30 04:15:00,67238.01297910769
2021-07-30 04:20:00,122832.27490943926
2021-07-30 04:25:00,98121.4143562261
2021-07-30 04:30:00,71759.02800911017
2021-07-30 04:35:00,69089.59480172844
2021-07-30 04:40:00,93394.95655154738
2021-07-30 04:45:00,65930.78216739534
2021-07-30 04:50:00,73688.75849556524
2021-07-30 04:55:00,84291.76198436244
2021-07-30 05:00:00,82483.10263733752
2021-07-30 05:05:00,67611.87735878339
2021-07-30 05:10:00,70929.95251955843
2021-07-30 05:15:00,68067.5597791987
2021-07-30 05:20:00,72147.73323788264
2021-07-30 05:25:00,109393.09437930524
2021-07-30 05:30:00,71224.90031908859
2021-07-30 05:35:00,105112.43643830121
2021-07-30 05:40:00,117565.25188042686
2021-07-30 05:45:00,72828.2940912201
2021-07-30 05:50:00,69972.00256246178
2021-07-30 05:55:00,103516.88272928323
2021-07-30 06:00:00,144192.00926111225
2021-07-30 06:05:00,79849.08121153114
2021-07-30 06:10:00,102549.22919615047
2021-07-30 06:15:00,71693.02076873677
2021-07-30 06:20:00,72024.31366464948
2021-07-30 06:25:00,109744.00728601542
2021-07-30 06:30:00,130876.95738707499
2021-07-30 06:35:00,122226.77392140676
2021-07-30 06:40:00,79829.35850077367
2021-07-30 06:45:00,71607.52567717193
2021-07-30 06:50:00,82103.96232921533
2021-07-30 06:55:00,85328.53946488426
2021-07-30 07:00:00,119130.71164890732
2021-07-30 07:05:00,73232.14273267372
2021-07-30 07:10:00,128348.32210325285
2021-07-30 07:15:00,120246.23257151086
2021-07-30 07:20:00,106872.52436709538
2021-07-30 07:25:00,100174.66255745217
2021-07-30 07:30:00,88225.27443088747
2021-07-30 07:35:00,74571.45640660694
2021-07-30 07:40:00,98623.86150497456
2021-07-30 07:45:00,86282.2280132298
2021-07-30 07:50:00,100751.63861460394
2021-07-30 07:55:00,78897.8726579447
2021-07-30 08:00:00,126937.53627067887
2021-07-30 08:05:00,133591.71325842675
2021-07-30 08:10:00,141860.49083690852
2021-07-30 08:15:00,79410.67968993001
2021-07-30 08:20:00,79956.50865681421
2021-07-30 08:25:00,76786.29476571907
2021-07-30 08:30:00,82870.4177044862
2021-07-30 08:35:00,104983.13881407384
2021-07-30 08:40:00,145766.5332244889
2021-07-30 08:45:00,118010.1295923982
2021-07-30 08:50:00,78395.08280899274
2021-07-30 08:55:00,95568.64613547163
2021-07-30 09:00:00,96281.25837533026
2021-07-30 09:05:00,127158.38947562885
2021-07-30 09:10:00,94257.08818779356
2021-07-30 09:15:00,103574.52956978168
2021-07-30 09:20:00,81703.28168724861
2021-07-30 09:25:00,81633.9242688033
2021-07-30 09:30:00,87102.5367149096
2021-07-30 09:35:00,82329.31487283784
2021-07-30 09:40:00,83524.72798499197
2021-07-30 09:45:00,81664.9627709805
2021-07-30 09:50:00,86518.92538711888
2021-07-30 09:55:00,83909.33846118014
2021-07-30 10:00:00,87715.75936636675
2021-07-30 10:05:00,84381.91104681825
2021-07-30 10:10:00,93177.04059540416
2021-07-30 10:15:00,86176.59199965562
2021-07-30 10:20:00,86820.22756912166
2021-07-30 10:25:00,88076.74691612838
2021-07-30 10:30:00,93396.98019137995
2021-07-30 10:35:00,90774.93844902812
2021-07-30 10:40:00,90759.07722719552
2021-07-30 10:45:00,91388.92946932031
2021-07-30 10:50:00,99573.43300721527
2021-07-30 10:55:00,85284.57348668575
2021-07-30 11:00:00,110560.69256335178
2021-07-30 11:05:00,97888.96622646296
2021-07-30 11:10:00,91779.15310954869
2021-07-30 11:15:00,89087.49382150474
2021-07-30 11:20:00,90723.20937753208
2021-07-30 11:25:00,92501.93538988821
2021-07-30 11:30:00,88068.4183134749
2021-07-30 11:35:00,91021.8993656267
2021-07-30 11:40:00,96132.17986085915
2021-07-30 11:45:00,93622.9531239226
2021-07-30 11:50:00,96839.97204722645
2021-07-30 11:55:00,59075.84400386298
2021-07-30 12:00:00,11435.283311885723
2021-07-30 12:05:00,31055.15687176405
2021-07-30 12:10:00,36394.96119902479
2021-07-30 12:15:00,55051.41887367838
2021-07-30 12:20:00,55206.77194083142
2021-07-30 12:25:00,50509.77690328572
2021-07-30 12:30:00,52864.57668993337
2021-07-30 12:35:00,57868.07268524572
2021-07-30 12:40:00,64330.18424415179
2021-07-30 12:45:00,66478.67421173178
2021-07-30 12:50:00,65736.49085802012
2021-07-30 12:55:00,65668.84181501516
2021-07-30 13:00:00,70321.30161617052
2021-07-30 13:05:00,71506.11486739447
2021-07-30 13:10:00,71229.76114505559
2021-07-30 13:15:00,85215.32837314805
2021-07-30 13:20:00,85421.85485633425
2021-07-30 13:25:00,46396.35603037779
2021-07-30 13:30:00,10352.55968956085
2021-07-30 13:35:00,7559.678360793529
2021-07-30 13:40:00,4130.596268210907
2021-07-30 13:45:00,718.0763744404617
2021-07-30 13:50:00,217.33669969256255
2021-07-30 13:55:00,0.0
2021-07-30 14:00:00,14239.502175627085
2021-07-30 14:05:00,10100.16114525088
2021-07-30 14:10:00,7071.999025365653
2021-07-30 14:15:00,0.0
2021-07-30 14:20:00,14550.311412684865
2021-07-30 14:25:00,18810.89295366928
2021-07-30 14:30:00,0.0
2021-07-30 14:35:00,10811.446546314084
2021-07-30 14:40:00,1600.0807182916722
2021-07-30 14:45:00,109949.58731610862
2021-07-30 14:50:00,7441.716061791531
2021-07-30 14:55:00,2003.641574565102
2021-07-30 15:00:00,5891.114535563671
2021-07-30 15:05:00,21574.367063432986
2021-07-30 15:10:00,12691.772188475643
2021-07-30 15:15:00,6190.669153318457
2021-07-30 15:20:00,33653.84195336646
2021-07-30 15:25:00,0.0
2021-07-30 15:30:00,6672.031313914665
2021-07-30 15:35:00,0.0
2021-07-30 15:40:00,956.465540965543
2021-07-30 15:45:00,16099.91186761263
2021-07-30 15:50:00,23837.36769417621
2021-07-30 15:55:00,5815.22889174027
2021-07-30 16:00:00,0.0
2021-07-30 16:05:00,436.4913638092921
2021-07-30 16:10:00,804.549834696292
2021-07-30 16:15:00,2306.1429349130062
2021-07-30 16:20:00,431.44237110270075
2021-07-30 16:25:00,0.0
2021-07-30 16:30:00,2174.0655287373042
2021-07-30 16:35:00,12075.464938323339
2021-07-30 16:40:00,522.1234116327983
2021-07-30 16:45:00,1359.0087528823976
2021-07-30 16:50:00,0.0
2021-07-30 16:55:00,12681.761146110588
2021-07-30 17:00:00,4249.473503197478
2021-07-30 17:05:00,609.6466036987703
2021-07-30 17:10:00,0.0
2021-07-30 17:15:00,520.7483185873338
2021-07-30 17:20:00,30639.259191913123
2021-07-30 17:25:00,1595.613597676275
2021-07-30 17:30:00,1931.2653395295144
2021-07-30 17:35:00,4155.776283313203
2021-07-30 17:40:00,634.48863291457
2021-07-30 17:45:00,7508.321100992534
2021-07-30 17:50:00,2495.178029921049
2021-07-30 17:55:00,0.0
2021-07-30 18:00:00,4672.8367912908425
2021-07-30 18:05:00,7324.102102019308
2021-07-30 18:10:00,3100.256571763726
2021-07-30 18:15:00,8806.267611302319
2021-07-30 18:20:00,0.0
2021-07-30 18:25:00,62153.83426902374
2021-07-30 18:30:00,14059.985770163905
2021-07-30 18:35:00,44154.418197502695
2021-07-30 18:40:00,2156.2526087866227
2021-07-30 18:45:00,0.0
2021-07-30 18:50:00,1500.217613362851
2021-07-30 18:55:00,216.23764522261652
2021-07-30 19:00:00,1629.5240640965228
2021-07-30 19:05:00,11337.622749911008
2021-07-30 19:10:00,0.0
2021-07-30 19:15:00,1430.6205794202506
2021-07-30 19:20:00,5747.383648356035
2021-07-30 19:25:00,3455.7309209443556
2021-07-30 19:30:00,8649.425024224887
2021-07-30 19:35:00,0.0
2021-07-30 19:40:00,10661.458058502754
2021-07-30 19:45:00,2554.72202331879
2021-07-30 19:50:00,8124.6377729694295
2021-07-30 19:55:00,302.74802348040794
2021-07-30 20:00:00,0.0
2021-07-30 20:05:00,8975.3663012912
2021-07-30 20:10:00,3133.96156044538
2021-07-30 20:15:00,3424.6013314174315
2021-07-30 20:20:00,9637.680892674127
2021-07-30 20:25:00,0.0
2021-07-30 20:30:00,0.0
2021-07-30 20:35:00,215.72683204617098
2021-07-30 20:40:00,215.95110726680886
2021-07-30 20:45:00,14514.486201191892
2021-07-30 20:50:00,519.3871245771782
2021-07-30 20:55:00,1869.9770403355362
2021-07-30 21:00:00,1318.6917700429442
2021-07-30 21:05:00,783.7339252093728
2021-07-30 21:10:00,1740.260431474969
2021-07-30 21:15:00,776.0955089511544
2021-07-30 21:20:00,1670.2096744245134
2021-07-30 21:25:00,18704.950541498318
2021-07-30 21:30:00,0.0
2021-07-30 21:35:00,20662.564486851225
2021-07-30 21:40:00,485.1277333348097
2021-07-30 21:45:00,4608.429175502849
2021-07-30 21:50:00,18870.34739624661
2021-07-30 21:55:00,0.0
2021-07-30 22:00:00,0.0
2021-07-30 22:05:00,16500.320948250086
2021-07-30 22:10:00,520.3597956486402
2021-07-30 22:15:00,2798.8590650723963
2021-07-30 22:20:00,2541.7844799226223
2021-07-30 22:25:00,0.0
2021-07-30 22:30:00,432.10414171530533
2021-07-30 22:35:00,518.4025410566596
2021-07-30 22:40:00,302.19686512391206
2021-07-30 22:45:00,301.81168261500324
2021-07-30 22:50:00,1786.7188824459358
2021-07-30 22:55:00,1728.1164017702852
2021-07-30 23:00:00,0.0
2021-07-30 23:05:00,1678.472580897397
2021-07-30 23:10:00,1502.2520724260685
2021-07-30 23:15:00,1632.2832856178286
2021-07-30 23:20:00,1505.2453588764586
2021-07-30 23:25:00,6882.458816015966
2021-07-30 23:30:00,3989.302111131614
2021-07-30 23:35:00,0.0
2021-07-30 23:40:00,0.0
2021-07-30 23:45:00,3383.9629603454046
2021-07-30 23:50:00,0.0
2021-07-30 23:55:00,114.65342206320028
2021-07-31 00:00:00,114.45212832809852
2021-07-31 00:05:00,416.1779064942389
2021-07-31 00:10:00,0.0
2021-07-31 00:15:00,301.5342909946174
2021-07-31 00:20:00,301.23024761822927
2021-07-31 00:25:00,526.3545341550567
2021-07-31 00:30:00,0.0
2021-07-31 00:35:00,0.0
2021-07-31 00:40:00,12879.290287250322
2021-07-31 00:45:00,415.94174339543594
2021-07-31 00:50:00,302.31646211831463
2021-07-31 00:55:00,0.0
2021-07-31 01:00:00,302.41971398763474
2021-07-31 01:05:00,0.0
2021-07-31 01:10:00,1285.1014754486616
2021-07-31 01:15:00,2413.2383440540334
2021-07-31 01:20:00,0.0
2021-07-31 01:25:00,301.9402997026738
2021-07-31 01:30:00,0.0
2021-07-31 01:35:00,0.0
2021-07-31 01:40:00,0.0
2021-07-31 01:45:00,302.75403687362996
2021-07-31 01:50:00,302.9021465648156
2021-07-31 01:55:00,0.0
2021-07-31 02:00:00,303.1672618774986
2021-07-31 02:05:00,3586.102446066685
2021-07-31 02:10:00,1518.075836579343
2021-07-31 02:15:00,0.0
2021-07-31 02:20:00,0.0
2021-07-31 02:25:00,416.297372308778
2021-07-31 02:30:00,4433.521444718987
2021-07-31 02:35:00,304.28016117215157
2021-07-31 02:40:00,304.41725954961214
2021-07-31 02:45:00,0.0
2021-07-31 02:50:00,0.0
2021-07-31 02:55:00,0.0
2021-07-31 03:00:00,3487.9877803491995
2021-07-31 03:05:00,305.3881061509152
2021-07-31 03:10:00,0.0
2021-07-31 03:15:00,3279.417853008323
2021-07-31 03:20:00,762.9385059250618
2021-07-31 03:25:00,305.5300065241194
2021-07-31 03:30:00,0.0
2021-07-31 03:35:00,7248.912811489332
2021-07-31 03:40:00,0.0
2021-07-31 03:45:00,877.2574933364798
2021-07-31 03:50:00,306.0351681309948
2021-07-31 03:55:00,0.0
2021-07-31 04:00:00,67450.11659875512
2021-07-31 04:05:00,0.0
2021-07-31 04:10:00,778.9668951976199
2021-07-31 04:15:00,306.04602577615725
2021-07-31 04:20:00,611.154123304711
2021-07-31 04:25:00,305.13121600634133
2021-07-31 04:30:00,0.0
2021-07-31 04:35:00,0.0
2021-07-31 04:40:00,586.8995157668465
2021-07-31 04:45:00,588.864920070994
2021-07-31 04:50:00,591.5804944219645
2021-07-31 04:55:00,0.0
2021-07-31 05:00:00,587.0830994575699
2021-07-31 05:05:00,64651.059219131464
2021-07-31 05:10:00,1097.307353063065
2021-07-31 05:15:00,0.0
2021-07-31 05:20:00,1143.892928288533
2021-07-31 05:25:00,0.0
2021-07-31 05:30:00,0.0
2021-07-31 05:35:00,2574.222311758501
2021-07-31 05:40:00,306.9169350129643
2021-07-31 05:45:00,1598.0106114306554
2021-07-31 05:50:00,0.0
2021-07-31 05:55:00,893.278159049161
2021-07-31 06:00:00,5657.762873019563
2021-07-31 06:05:00,6352.19540430021
2021-07-31 06:10:00,2212.5860301630255
2021-07-31 06:15:00,2305.1706512359606
2021-07-31 06:20:00,5727.589540189588
2021-07-31 06:25:00,8224.23398864392
2021-07-31 06:30:00,0.0
2021-07-31 06:35:00,1425.9430884488045
2021-07-31 06:40:00,1534.0289638406452
2021-07-31 06:45:00,2310.2023840480865
2021-07-31 06:50:00,307.7692456534528
2021-07-31 06:55:00,307.3511472354691
2021-07-31 07:00:00,115.90540590720255
2021-07-31 07:05:00,0.0
2021-07-31 07:10:00,1067.3580539214902
2021-07-31 07:15:00,0.0
2021-07-31 07:20:00,0.0
2021-07-31 07:25:00,0.0
2021-07-31 07:30:00,13254.349164544969
2021-07-31 07:35:00,1342.2040474671358
2021-07-31 07:40:00,0.0
2021-07-31 07:45:00,0.0
2021-07-31 07:50:00,652.7268778646558
2021-07-31 07:55:00,114.93915193244617
2021-07-31 08:00:00,307.51055271342653
2021-07-31 08:05:00,0.0
2021-07-31 08:10:00,2100.551684760278
2021-07-31 08:15:00,4822.569947054615
2021-07-31 08:20:00,421.86087040283604
2021-07-31 08:25:00,307.3888849541317
2021-07-31 08:30:00,233.4443100313656
2021-07-31 08:35:00,0.0
2021-07-31 08:40:00,307.99717739006365
2021-07-31 08:45:00,852.1608964859086
2021-07-31 08:50:00,0.0
2021-07-31 08:55:00,853.2726262988142
2021-07-31 09:00:00,661.7263381745256
2021-07-31 09:05:00,1208.0612438521753
2021-07-31 09:10:00,973.2069048213365
2021-07-31 09:15:00,1027.3557441061141
2021-07-31 09:20:00,0.0
2021-07-31 09:25:00,665.9377031325535
2021-07-31 09:30:00,0.0
2021-07-31 09:35:00,921.9762890970636
2021-07-31 09:40:00,0.0
2021-07-31 09:45:00,307.07102962963614
2021-07-31 09:50:00,3088.718905486999
2021-07-31 09:55:00,0.0
2021-07-31 10:00:00,307.26143926001237
2021-07-31 10:05:00,307.35771060237545
2021-07-31 10:10:00,0.0
2021-07-31 10:15:00,307.56594538229484
2021-07-31 10:20:00,0.0
2021-07-31 10:25:00,308.007229710119
2021-07-31 10:30:00,308.0742488654009
2021-07-31 10:35:00,0.0
2021-07-31 10:40:00,1034.695720099928
2021-07-31 10:45:00,0.0
2021-07-31 10:50:00,1816.216949877994
2021-07-31 10:55:00,0.0
2021-07-31 11:00:00,0.0
2021-07-31 11:05:00,0.0
2021-07-31 11:10:00,307.6276273762172
2021-07-31 11:15:00,0.0
2021-07-31 11:20:00,112.372844839172
2021-07-31 11:25:00,0.0
2021-07-31 11:30:00,40618.10409450531
2021-07-31 11:35:00,21408.813274891938
2021-07-31 11:40:00,20363.53884974122
2021-07-31 11:45:00,308.279734811976
2021-07-31 11:50:00,1457.5555567023007
2021-07-31 11:55:00,1293.8826341936197
2021-07-31 12:00:00,883.381648961562
2021-07-31 12:05:00,0.0
2021-07-31 12:10:00,885.42753729792
2021-07-31 12:15:00,1755.183746678991
2021-07-31 12:20:00,2933.9157302776975
2021-07-31 12:25:00,251.58038229758708
2021-07-31 12:30:00,0.0
2021-07-31 12:35:00,420.48347955651894
2021-07-31 12:40:00,1049.5199120832494
2021-07-31 12:45:00,925.9015771069078
2021-07-31 12:50:00,1000.0740945538402
2021-07-31 12:55:00,0.0
2021-07-31 13:00:00,1842.71962847661
2021-07-31 13:05:00,2304.027776020739
2021-07-31 13:10:00,419.87677028031624
2021-07-31 13:15:00,0.0
2021-07-31 13:20:00,309.0721840269148
2021-07-31 13:25:00,0.0
2021-07-31 13:30:00,0.0
2021-07-31 13:35:00,0.0
2021-07-31 13:40:00,0.0
2021-07-31 13:45:00,110.69339662053477
2021-07-31 13:50:00,309.4640463675891
2021-07-31 13:55:00,0.0
2021-07-31 14:00:00,1474.1652770175801
2021-07-31 14:05:00,308.8718686695711
2021-07-31 14:10:00,308.9127606867416
2021-07-31 14:15:00,0.0
2021-07-31 14:20:00,308.5946858779071
2021-07-31 14:25:00,0.0
2021-07-31 14:30:00,0.0
2021-07-31 14:35:00,1490.4351574858165
2021-07-31 14:40:00,1245.2861137552113
2021-07-31 14:45:00,308.4974658705971
2021-07-31 14:50:00,0.0
2021-07-31 14:55:00,0.0
2021-07-31 15:00:00,0.0
2021-07-31 15:05:00,2730.4885879100025
2021-07-31 15:10:00,418.61550553020663
2021-07-31 15:15:00,897.9764212108704
2021-07-31 15:20:00,309.25225770848556
2021-07-31 15:25:00,259.01818155260327
2021-07-31 15:30:00,0.0
2021-07-31 15:35:00,1304.6332011142024
2021-07-31 15:40:00,2899.033251362962
2021-07-31 15:45:00,109.36095129360893
2021-07-31 15:50:00,0.0
2021-07-31 15:55:00,310.10583185987406
2021-07-31 16:00:00,310.1342575883736
2021-07-31 16:05:00,3997.631397322755
2021-07-31 16:10:00,20411.546359661625
2021-07-31 16:15:00,39490.53348004996
2021-07-31 16:20:00,0.0
2021-07-31 16:25:00,87968.15810912196
2021-07-31 16:30:00,97707.52584546737
2021-07-31 16:35:00,63445.44887278341
2021-07-31 16:40:00,70689.0774547259
2021-07-31 16:45:00,76688.98671471156
2021-07-31 16:50:00,311.13490033598356
2021-07-31 16:55:00,5761.49313454628
2021-07-31 17:00:00,0.0
2021-07-31 17:05:00,41444.70517527027
2021-07-31 17:10:00,31335.045515460297
2021-07-31 17:15:00,25824.57896988288
2021-07-31 17:20:00,0.0
2021-07-31 17:25:00,419.5769764484227
2021-07-31 17:30:00,0.0
2021-07-31 17:35:00,1471.7702223739177
2021-07-31 17:40:00,0.0
2021-07-31 17:45:00,693.8368186033689
2021-07-31 17:50:00,0.0
2021-07-31 17:55:00,1697.7975477436523
2021-07-31 18:00:00,1699.8932966537297
2021-07-31 18:05:00,38121.91940046559
2021-07-31 18:10:00,12263.317014174265
2021-07-31 18:15:00,0.0
2021-07-31 18:20:00,4090.3693375317384
2021-07-31 18:25:00,1524.378801257075
2021-07-31 18:30:00,1002.0092527304058
2021-07-31 18:35:00,690.3194718021293
2021-07-31 18:40:00,0.0
2021-07-31 18:45:00,691.3949208488298
2021-07-31 18:50:00,0.0
2021-07-31 18:55:00,0.0
2021-07-31 19:00:00,3182.9798221515543
2021-07-31 19:05:00,633.0191070331083
2021-07-31 19:10:00,0.0
2021-07-31 19:15:00,629.3566503416854
2021-07-31 19:20:00,628.2211889839563
2021-07-31 19:25:00,0.0
2021-07-31 19:30:00,0.0
2021-07-31 19:35:00,1637.6425422488326
2021-07-31 19:40:00,314.0672313199707
2021-07-31 19:45:00,314.1063233208347
2021-07-31 19:50:00,314.2285890245252
2021-07-31 19:55:00,0.0
2021-07-31 20:00:00,1165.198570048468
2021-07-31 20:05:00,314.37154148004345
2021-07-31 20:10:00,6604.755580715442
2021-07-31 20:15:00,108.47419817489045
2021-07-31 20:20:00,1225.3096713442956
2021-07-31 20:25:00,422.30607346418276
2021-07-31 20:30:00,0.0
2021-07-31 20:35:00,314.3672898498212
2021-07-31 20:40:00,422.64138193218577
2021-07-31 20:45:00,0.0
2021-07-31 20:50:00,0.0
2021-07-31 20:55:00,11666.216177008479
2021-07-31 21:00:00,0.0
2021-07-31 21:05:00,6464.780575438899
2021-07-31 21:10:00,0.0
2021-07-31 21:15:00,315.23035359169756
2021-07-31 21:20:00,0.0
2021-07-31 21:25:00,8852.507847148165
2021-07-31 21:30:00,108.04841777704361
2021-07-31 21:35:00,0.0
2021-07-31 21:40:00,2709.7819568063273
2021-07-31 21:45:00,630.4297047415866
2021-07-31 21:50:00,719.8156362827114
2021-07-31 21:55:00,2183.6453851142537
2021-07-31 22:00:00,829.4728792287833
2021-07-31 22:05:00,315.77839938208257
2021-07-31 22:10:00,0.0
2021-07-31 22:15:00,1035.7204302541493
2021-07-31 22:20:00,828.301535284081
2021-07-31 22:25:00,721.754323764094
2021-07-31 22:30:00,2719.283689275925
2021-07-31 22:35:00,972.1209498486394
2021-07-31 22:40:00,0.0
2021-07-31 22:45:00,423.8802924868969
2021-07-31 22:50:00,0.0
2021-07-31 22:55:00,47917.34103024183
2021-07-31 23:00:00,316.5763869663601
2021-07-31 23:05:00,29362.7065569715
2021-07-31 23:10:00,0.0
2021-07-31 23:15:00,0.0
2021-07-31 23:20:00,956.2853650446224
2021-07-31 23:25:00,317.1631579577033
2021-07-31 23:30:00,107.03342705610312
2021-07-31 23:35:00,0.0
2021-07-31 23:40:00,0.0
2021-07-31 23:45:00,0.0
2021-07-31 23:50:00,424.78085791983926
2021-07-31 23:55:00,14673.723432454311
2021-08-01 00:00:00,90250.33308662292
2021-08-01 00:05:00,0.0
2021-08-01 00:10:00,190687.45587861352
2021-08-01 00:15:00,134471.3038561941
2021-08-01 00:20:00,318.21279093109325
2021-08-01 00:25:00,317.89638072471945
2021-08-01 00:30:00,0.0
2021-08-01 00:35:00,0.0
2021-08-01 00:40:00,0.0
2021-08-01 00:45:00,952.7693894632288
2021-08-01 00:50:00,1270.4628516966898
2021-08-01 00:55:00,0.0
2021-08-01 01:00:00,0.0
2021-08-01 01:05:00,318.09938631307483
2021-08-01 01:10:00,0.0
2021-08-01 01:15:00,424.9356299854212
2021-08-01 01:20:00,317.95726833846965
2021-08-01 01:25:00,0.0
2021-08-01 01:30:00,107.05628261443748
2021-08-01 01:35:00,0.0
2021-08-01 01:40:00,598.3307401539553
2021-08-01 01:45:00,318.5442931185034
2021-08-01 01:50:00,0.0
2021-08-01 01:55:00,106.85845627580261
2021-08-01 02:00:00,319.0529315368114
2021-08-01 02:05:00,0.0
2021-08-01 02:10:00,319.14922829995675
2021-08-01 02:15:00,319.2365175389498
2021-08-01 02:20:00,2276.6878025117117
2021-08-01 02:25:00,106.56584681207552
2021-08-01 02:30:00,0.0
2021-08-01 02:35:00,282.19410065675186
2021-08-01 02:40:00,318.7018815138007
2021-08-01 02:45:00,0.0
2021-08-01 02:50:00,282.3488668753454
2021-08-01 02:55:00,919.010030166088
2021-08-01 03:00:00,0.0
2021-08-01 03:05:00,318.51610677542425
2021-08-01 03:10:00,424.89738457606023
2021-08-01 03:15:00,106.06048414393177
2021-08-01 03:20:00,0.0
2021-08-01 03:25:00,0.0
2021-08-01 03:30:00,106.1504974658918
2021-08-01 03:35:00,1624.2231449412188
2021-08-01 03:40:00,0.0
2021-08-01 03:45:00,954.9122586990804
2021-08-01 03:50:00,318.33134868982677
2021-08-01 03:55:00,105.9905907490981
2021-08-01 04:00:00,0.0
2021-08-01 04:05:00,318.88088920275743
2021-08-01 04:10:00,0.0
2021-08-01 04:15:00,319.0524242153212
2021-08-01 04:20:00,2293.5311135787083
2021-08-01 04:25:00,604.4776238778331
2021-08-01 04:30:00,0.0
2021-08-01 04:35:00,603.764575355144
2021-08-01 04:40:00,0.0
2021-08-01 04:45:00,0.0
2021-08-01 04:50:00,637.2001068376333
2021-08-01 04:55:00,0.0
2021-08-01 05:00:00,318.7727014819551
2021-08-01 05:05:00,1288.8936092951176
2021-08-01 05:10:00,0.0
2021-08-01 05:15:00,0.0
2021-08-01 05:20:00,0.0
2021-08-01 05:25:00,638.0036893127424
2021-08-01 05:30:00,319.0516544272823
2021-08-01 05:35:00,1647.6167578417728
2021-08-01 05:40:00,0.0
2021-08-01 05:45:00,0.0
2021-08-01 05:50:00,0.0
2021-08-01 05:55:00,0.0
2021-08-01 06:00:00,319.7609757133033
2021-08-01 06:05:00,385388.69035260694
2021-08-01 06:10:00,368.10969129827487
2021-08-01 06:15:00,375869.43982780125
2021-08-01 06:20:00,0.0
2021-08-01 06:25:00,6398.313878195371
2021-08-01 06:30:00,8143.2066914272355
2021-08-01 06:35:00,68808.62596319402
2021-08-01 06:40:00,109176.55312812657
2021-08-01 06:45:00,55454.40826450429
2021-08-01 06:50:00,44938.743382893335
2021-08-01 06:55:00,21666.542532945132
2021-08-01 07:00:00,15954.493274776018
2021-08-01 07:05:00,267040.1713189529
2021-08-01 07:10:00,17593.620254313802
2021-08-01 07:15:00,16876.91342784398
2021-08-01 07:20:00,737.1365234102318
2021-08-01 07:25:00,16900.341589363743
2021-08-01 07:30:00,1498.7777631944575
2021-08-01 07:35:00,39190.05547702287
2021-08-01 07:40:00,0.0
2021-08-01 07:45:00,0.0
2021-08-01 07:50:00,0.0
2021-08-01 07:55:00,743.9464456545455
2021-08-01 08:00:00,0.0
2021-08-01 08:05:00,70407.22607523552
2021-08-01 08:10:00,196889.30629517394
2021-08-01 08:15:00,208812.96323134005
2021-08-01 08:20:00,214491.69540046665
2021-08-01 08:25:00,0.0
2021-08-01 08:30:00,226116.65875065126
2021-08-01 08:35:00,240706.47170079127
2021-08-01 08:40:00,1320.1751539217798
2021-08-01 08:45:00,27185.0288217868
2021-08-01 08:50:00,64502.17699952296
2021-08-01 08:55:00,0.0
2021-08-01 09:00:00,102019.73075333188
2021-08-01 09:05:00,620078.9078881127
2021-08-01 09:10:00,751845.5688744168
2021-08-01 09:15:00,768931.0893839819
2021-08-01 09:20:00,173819.6783989415
2021-08-01 09:25:00,0.0
2021-08-01 09:30:00,103279.55256473298
2021-08-01 09:35:00,9711.390379724764
2021-08-01 09:40:00,116236.9632976596
2021-08-01 09:45:00,0.0
2021-08-01 09:50:00,8311.490670075935
2021-08-01 09:55:00,16882.31422615488
2021-08-01 10:00:00,3311.227031049072
2021-08-01 10:05:00,0.0
2021-08-01 10:10:00,1556153.696194845
2021-08-01 10:15:00,2943433.581786002
2021-08-01 10:20:00,0.0
2021-08-01 10:25:00,3870859.584385627
2021-08-01 10:30:00,3811141.714018953
2021-08-01 10:35:00,3854696.479831027
2021-08-01 10:40:00,2893516.9384905603
2021-08-01 10:45:00,3010858.1111168913
2021-08-01 10:50:00,3444045.176223635
2021-08-01 10:55:00,0.0
2021-08-01 11:00:00,4030712.500952409
2021-08-01 11:05:00,3771108.8801008365
2021-08-01 11:10:00,641242.3548813034
2021-08-01 11:15:00,615556.1848393584
2021-08-01 11:20:00,449381.79851807037
2021-08-01 11:25:00,0.0
2021-08-01 11:30:00,359673.51324296714
2021-08-01 11:35:00,180444.8570419221
2021-08-01 11:40:00,295.3628470563465
2021-08-01 11:45:00,3268.8953861738382
2021-08-01 11:50:00,0.0
2021-08-01 11:55:00,0.0
2021-08-01 12:00:00,6819.447555041219
2021-08-01 12:05:00,137768.86628833652
2021-08-01 12:10:00,331939.7903410633
2021-08-01 12:15:00,0.0
2021-08-01 12:20:00,532473.3846895482
2021-08-01 12:25:00,607100.4793148824
2021-08-01 12:30:00,409820.2599142069
2021-08-01 12:35:00,407307.4787629314
2021-08-01 12:40:00,0.0
2021-08-01 12:45:00,63247.53542753098
2021-08-01 12:50:00,141042.22933702284
2021-08-01 12:55:00,451091.2835131773
2021-08-01 13:00:00,0.0
2021-08-01 13:05:00,327422.5439859828
2021-08-01 13:10:00,187258.1268389033
2021-08-01 13:15:00,1817.6571246466774
2021-08-01 13:20:00,294.5055623763316
2021-08-01 13:25:00,3501.211398980663
2021-08-01 13:30:00,294.31138204908694
2021-08-01 13:35:00,0.0
2021-08-01 13:40:00,294.47687366054606
2021-08-01 13:45:00,0.0
2021-08-01 13:50:00,8197.572533765933
2021-08-01 13:55:00,0.0
2021-08-01 14:00:00,1191.1460366111157
2021-08-01 14:05:00,0.0
2021-08-01 14:10:00,0.0
2021-08-01 14:15:00,294.0226510037003
2021-08-01 14:20:00,3358.5751707980157
2021-08-01 14:25:00,0.0
2021-08-01 14:30:00,294.02710664634924
2021-08-01 14:35:00,1678.765465730316
2021-08-01 14:40:00,2066.7857462411357
2021-08-01 14:45:00,0.0
2021-08-01 14:50:00,881.8903189206665
2021-08-01 14:55:00,0.0
2021-08-01 15:00:00,1479.4278577845835
2021-08-01 15:05:00,1464.6107456940772
2021-08-01 15:10:00,0.0
2021-08-01 15:15:00,293.91172550941366
2021-08-01 15:20:00,391.7952685975312
2021-08-01 15:25:00,0.0
2021-08-01 15:30:00,0.0
2021-08-01 15:35:00,0.0
2021-08-01 15:40:00,943.4684194186382
2021-08-01 15:45:00,1284.9599683827096
2021-08-01 15:50:00,1281.4911151036208
2021-08-01 15:55:00,0.0
2021-08-01 16:00:00,0.0
2021-08-01 16:05:00,294.9098422368814
2021-08-01 16:10:00,295.0051872422474
2021-08-01 16:15:00,97.55182702903842
2021-08-01 16:20:00,295.0281114956689
2021-08-01 16:25:00,3041.054049828267
2021-08-01 16:30:00,0.0
2021-08-01 16:35:00,0.0
2021-08-01 16:40:00,653.2978268584068
2021-08-01 16:45:00,0.0
2021-08-01 16:50:00,589.4987988998364
2021-08-01 16:55:00,294.757264638632
2021-08-01 17:00:00,3513.971642058004
2021-08-01 17:05:00,0.0
2021-08-01 17:10:00,295.1655360313613
2021-08-01 17:15:00,0.0
2021-08-01 17:20:00,0.0
2021-08-01 17:25:00,2839.79110455113
2021-08-01 17:30:00,3898.2343017268076
2021-08-01 17:35:00,6271.168871961271
2021-08-01 17:40:00,1305.4832566153043
2021-08-01 17:45:00,0.0
2021-08-01 17:50:00,832.8447149976345
2021-08-01 17:55:00,4102.255316833522
2021-08-01 18:00:00,295.19893968749983
2021-08-01 18:05:00,661.1099632864588
2021-08-01 18:10:00,0.0
2021-08-01 18:15:00,955.4694685118919
2021-08-01 18:20:00,3530.717912288599
2021-08-01 18:25:00,2987.0804844643303
2021-08-01 18:30:00,3496.203478633033
2021-08-01 18:35:00,3795.478305531075
2021-08-01 18:40:00,0.0
2021-08-01 18:45:00,3799.922194890861
2021-08-01 18:50:00,0.0
2021-08-01 18:55:00,0.0
2021-08-01 19:00:00,296.0310530482639
2021-08-01 19:05:00,665.6096383402938
2021-08-01 19:10:00,0.0
2021-08-01 19:15:00,1329.5632524675793
2021-08-01 19:20:00,0.0
2021-08-01 19:25:00,296.5438902012781
2021-08-01 19:30:00,3421.294436936738
2021-08-01 19:35:00,3424.8051761299052
2021-08-01 19:40:00,296.65134774237384
2021-08-01 19:45:00,0.0
2021-08-01 19:50:00,296.70719062689733
2021-08-01 19:55:00,296.54506868172376
2021-08-01 20:00:00,97.24594272968511
2021-08-01 20:05:00,1181.246942491087
2021-08-01 20:10:00,3472.8963660608156
2021-08-01 20:15:00,0.0
2021-08-01 20:20:00,392.6500356076045
2021-08-01 20:25:00,295.5071326550679
2021-08-01 20:30:00,295.5227848981108
2021-08-01 20:35:00,0.0
2021-08-01 20:40:00,561.40804142191
2021-08-01 20:45:00,97.08065583538591
2021-08-01 20:50:00,0.0
2021-08-01 20:55:00,0.0
2021-08-01 21:00:00,0.0
2021-08-01 21:05:00,296.14844461589394
2021-08-01 21:10:00,0.0
2021-08-01 21:15:00,0.0
2021-08-01 21:20:00,0.0
2021-08-01 21:25:00,2568.352773093382
2021-08-01 21:30:00,3713.628189266796
2021-08-01 21:35:00,3554.2557641038147
2021-08-01 21:40:00,0.0
2021-08-01 21:45:00,0.0
2021-08-01 21:50:00,96.93821791854857
2021-08-01 21:55:00,296.58504230010226
2021-08-01 22:00:00,0.0
2021-08-01 22:05:00,0.0
2021-08-01 22:10:00,2032.7735930418828
2021-08-01 22:15:00,0.0
2021-08-01 22:20:00,393.82568634950326
2021-08-01 22:25:00,268.77563895701223
2021-08-01 22:30:00,1819.4498762420026
2021-08-01 22:35:00,297.459956517538
2021-08-01 22:40:00,7058.929099916353
2021-08-01 22:45:00,0.0
2021-08-01 22:50:00,978.8240225501324
2021-08-01 22:55:00,297.3289268275694
2021-08-01 23:00:00,0.0
2021-08-01 23:05:00,103401.57204499851
2021-08-01 23:10:00,297.261418543561
2021-08-01 23:15:00,0.0
2021-08-01 23:20:00,297.42334063549924
2021-08-01 23:25:00,1137.2739053901037
2021-08-01 23:30:00,2269.101604677118
2021-08-01 23:35:00,0.0
2021-08-01 23:40:00,1669.8725066538282
2021-08-01 23:45:00,297.6538402137292
2021-08-01 23:50:00,3274.6913921904875
2021-08-01 23:55:00,3277.8789131402837
2021-08-02 00:00:00,298.0588710754722
2021-08-02 00:05:00,298.07258219838764
2021-08-02 00:10:00,96.46719338660749
2021-08-02 00:15:00,0.0
2021-08-02 00:20:00,4885.097646596548
2021-08-02 00:25:00,594.3666138242381
2021-08-02 00:30:00,96.31002580840297
2021-08-02 00:35:00,3481.275696786252
2021-08-02 00:40:00,3062.422540528124
2021-08-02 00:45:00,2556.824133137189
2021-08-02 00:50:00,0.0
2021-08-02 00:55:00,11381.534524494102
2021-08-02 01:00:00,3742.197345072623
2021-08-02 01:05:00,7286.4876427972
2021-08-02 01:10:00,2120.4170228183093
2021-08-02 01:15:00,2805.33365129658
2021-08-02 01:20:00,4403.9092196683605
2021-08-02 01:25:00,2795.5333171029306
2021-08-02 01:30:00,6022.934817757024
2021-08-02 01:35:00,4662.358883965589
2021-08-02 01:40:00,2498.9191328456427
2021-08-02 01:45:00,1676.0366532488456
2021-08-02 01:50:00,5788.656259029371
2021-08-02 01:55:00,3463.1084975875674
2021-08-02 02:00:00,3332.426990102508
2021-08-02 02:05:00,207.04238428388325
2021-08-02 02:10:00,0.0
2021-08-02 02:15:00,792.7069362929697
2021-08-02 02:20:00,2473.2903884151783
2021-08-02 02:25:00,1532.9804541450944
2021-08-02 02:30:00,0.0
2021-08-02 02:35:00,16501.30657865309
2021-08-02 02:40:00,10479.850180404006
2021-08-02 02:45:00,16670.95840141018
2021-08-02 02:50:00,775.972465221095
2021-08-02 02:55:00,28633.635547769198
2021-08-02 03:00:00,38353.9856936525
2021-08-02 03:05:00,4813.606156475907
2021-08-02 03:10:00,8111.125705666051
2021-08-02 03:15:00,5059.272134431093
2021-08-02 03:20:00,2572.5144168686516
2021-08-02 03:25:00,2063.4973364591187
2021-08-02 03:30:00,915.9270707027248
2021-08-02 03:35:00,4673.712816865611
2021-08-02 03:40:00,72.6795743479245
2021-08-02 03:45:00,3682.5602134150095
2021-08-02 03:50:00,299.3017421271933
2021-08-02 03:55:00,10380.860239872805
2021-08-02 04:00:00,12522.787351428036
2021-08-02 04:05:00,229.1387187838554
2021-08-02 04:10:00,6324.3005950234865
2021-08-02 04:15:00,6361.03703369393
2021-08-02 04:20:00,12113.45354079191
2021-08-02 04:25:00,6057.148663286602
2021-08-02 04:30:00,6044.876426856074
2021-08-02 04:35:00,718.7626930425041
2021-08-02 04:40:00,2096.2068517257244
2021-08-02 04:45:00,2232.2924451092376
2021-08-02 04:50:00,298.5350133903368
2021-08-02 04:55:00,1881.4386891324937
2021-08-02 05:00:00,87.67282388771281
2021-08-02 05:05:00,2745.4094071506624
2021-08-02 05:10:00,4181.60021166799
2021-08-02 05:15:00,1066.4467782020492
2021-08-02 05:20:00,2573.21658491417
2021-08-02 05:25:00,11086.600493923988
2021-08-02 05:30:00,3989.151074839804
2021-08-02 05:35:00,2214.9855112852892
2021-08-02 05:40:00,1275.3170912461355
2021-08-02 05:45:00,909.0878930980041
2021-08-02 05:50:00,26536.578781227374
2021-08-02 05:55:00,109152.16354379655
2021-08-02 06:00:00,3740.931002467947
2021-08-02 06:05:00,38839.28872333128
2021-08-02 06:10:00,0.0
2021-08-02 06:15:00,30455.239120783794
2021-08-02 06:20:00,41785.79692154568
2021-08-02 06:25:00,48623.318218061795
2021-08-02 06:30:00,1582.7741387832928
2021-08-02 06:35:00,294.2810276299715
2021-08-02 06:40:00,719.0811124208645
2021-08-02 06:45:00,2692.3202237841933
2021-08-02 06:50:00,13941.370487255941
2021-08-02 06:55:00,11434.364141790622
2021-08-02 07:00:00,7779.685282858424
2021-08-02 07:05:00,8057.586972467709
2021-08-02 07:10:00,6810.018173954884
2021-08-02 07:15:00,4021.0675763687645
2021-08-02 07:20:00,1134.85902160752
2021-08-02 07:25:00,3526.2191163057123
2021-08-02 07:30:00,1279.4716092930132
2021-08-02 07:35:00,1580.0029102984709
2021-08-02 07:40:00,0.0
2021-08-02 07:45:00,584.3717198142639
2021-08-02 07:50:00,772.3765089479184
2021-08-02 07:55:00,1547.6169543411156
2021-08-02 08:00:00,495.124638402462
2021-08-02 08:05:00,5030.400701014973
2021-08-02 08:10:00,959.3071924881501
2021-08-02 08:15:00,789.4624468860518
2021-08-02 08:20:00,7123.424168785871
2021-08-02 08:25:00,880.149709729048
2021-08-02 08:30:00,4674.57630550879
2021-08-02 08:35:00,3650.1446221835527
2021-08-02 08:40:00,300.0626766252174
2021-08-02 08:45:00,1302.3631972776902
2021-08-02 08:50:00,2567.606445660458
2021-08-02 08:55:00,2898.7687487697704
2021-08-02 09:00:00,5029.675389240856
2021-08-02 09:05:00,9039.10336583807
2021-08-02 09:10:00,7113.008636034298
2021-08-02 09:15:00,17041.400663410368
2021-08-02 09:20:00,19750.787795796885
2021-08-02 09:25:00,0.0
2021-08-02 09:30:00,3118.1432461793606
2021-08-02 09:35:00,0.0
2021-08-02 09:40:00,5655.777206104354
2021-08-02 09:45:00,3394.034299654466
2021-08-02 09:50:00,1376.1716210661255
2021-08-02 09:55:00,3496.2990963642414
2021-08-02 10:00:00,299.2089271710744
2021-08-02 10:05:00,534.2000060004573
2021-08-02 10:10:00,299.25577823458696
2021-08-02 10:15:00,0.0
2021-08-02 10:20:00,944.441587002355
2021-08-02 10:25:00,4052.4673535711527
2021-08-02 10:30:00,536.1920118357273
2021-08-02 10:35:00,15045.061060974489
2021-08-02 10:40:00,16691.69495774621
2021-08-02 10:45:00,14917.716884853515
2021-08-02 10:50:00,18114.971832772764
2021-08-02 10:55:00,20987.615226214428
2021-08-02 11:00:00,23556.821875703903
2021-08-02 11:05:00,27430.944078573815
2021-08-02 11:10:00,0.0
2021-08-02 11:15:00,209595.88989999142
2021-08-02 11:20:00,33445.68818377207
2021-08-02 11:25:00,34855.12219124147
2021-08-02 11:30:00,37828.3076430312
2021-08-02 11:35:00,4852.683713808367
2021-08-02 11:40:00,7764.418082412756
2021-08-02 11:45:00,10291.800093011905
2021-08-02 11:50:00,0.0
2021-08-02 11:55:00,12028.331254617235
2021-08-02 12:00:00,7547.483611798516
2021-08-02 12:05:00,5507.697788339049
2021-08-02 12:10:00,0.0
2021-08-02 12:15:00,0.0
2021-08-02 12:20:00,299.6012391992517
2021-08-02 12:25:00,393.9096111560851
2021-08-02 12:30:00,2970.821320748755
2021-08-02 12:35:00,0.0
2021-08-02 12:40:00,0.0
2021-08-02 12:45:00,4337.376000786485
2021-08-02 12:50:00,22381.900760221153
2021-08-02 12:55:00,14499.004310909508
2021-08-02 13:00:00,1313.1545034896683
2021-08-02 13:05:00,8983.818625724452
2021-08-02 13:10:00,8268.041021278106
2021-08-02 13:15:00,19083.273972612067
2021-08-02 13:20:00,26638.946427217765
2021-08-02 13:25:00,4471.294612534967
2021-08-02 13:30:00,0.0
2021-08-02 13:35:00,6777.346354336457
2021-08-02 13:40:00,3957.6642295605457
2021-08-02 13:45:00,4323.475943172483
2021-08-02 13:50:00,6797.092023818565
2021-08-02 13:55:00,0.0
2021-08-02 14:00:00,2905.561768854494
2021-08-02 14:05:00,2918.220322733922
2021-08-02 14:10:00,5107.222780849357
2021-08-02 14:15:00,3854.8499250984314
2021-08-02 14:20:00,10799.185229389615
2021-08-02 14:25:00,22724.83417618522
2021-08-02 14:30:00,0.0
2021-08-02 14:35:00,11824.93170498033
2021-08-02 14:40:00,12739.805940081595
2021-08-02 14:45:00,7998.134163065207
2021-08-02 14:50:00,0.0
2021-08-02 14:55:00,15940.432208437824
2021-08-02 15:00:00,25114.69080128972
2021-08-02 15:05:00,30771.881539145925
2021-08-02 15:10:00,60880.26411553922
2021-08-02 15:15:00,73561.73736757702
2021-08-02 15:20:00,64736.76085426591
2021-08-02 15:25:00,19935.647771320808
2021-08-02 15:30:00,16841.294057519113
2021-08-02 15:35:00,14457.163501206449
2021-08-02 15:40:00,35148.761494202656
2021-08-02 15:45:00,26521.506788639614
2021-08-02 15:50:00,7420.78902598225
2021-08-02 15:55:00,15555.555629757127
2021-08-02 16:00:00,0.0
2021-08-02 16:05:00,11715.778299504902
2021-08-02 16:10:00,0.0
2021-08-02 16:15:00,35869.916526468485
2021-08-02 16:20:00,18048.79427761502
2021-08-02 16:25:00,4463.39246488379
2021-08-02 16:30:00,4278.0638089732765
2021-08-02 16:35:00,0.0
2021-08-02 16:40:00,5682.838258480239
2021-08-02 16:45:00,2144.6831021652224
2021-08-02 16:50:00,5762.182942349211
2021-08-02 16:55:00,8256.76611435958
2021-08-02 17:00:00,0.0
2021-08-02 17:05:00,4099.482712640696
2021-08-02 17:10:00,27549.332543206332
2021-08-02 17:15:00,22778.532983087418
2021-08-02 17:20:00,0.0
2021-08-02 17:25:00,4053.947223549595
2021-08-02 17:30:00,3691.0305628949877
2021-08-02 17:35:00,2990.317230513611
2021-08-02 17:40:00,18556.560461296343
2021-08-02 17:45:00,1208.66493042145
2021-08-02 17:50:00,58390.40961304222
2021-08-02 17:55:00,49005.7136942229
2021-08-02 18:00:00,49055.36305452015
2021-08-02 18:05:00,51915.49447722251
2021-08-02 18:10:00,0.0
2021-08-02 18:15:00,0.0
2021-08-02 18:20:00,9578.617095633506
2021-08-02 18:25:00,16301.720055196125
2021-08-02 18:30:00,0.0
2021-08-02 18:35:00,36476.13923353703
2021-08-02 18:40:00,76568.75830580141
2021-08-02 18:45:00,55633.4537706156
2021-08-02 18:50:00,20799.199890690426
2021-08-02 18:55:00,0.0
2021-08-02 19:00:00,73828.02979157148
2021-08-02 19:05:00,48526.2839289077
2021-08-02 19:10:00,4162.513010660187
2021-08-02 19:15:00,0.0
2021-08-02 19:20:00,0.0
2021-08-02 19:25:00,32491.39411845348
2021-08-02 19:30:00,14195.646914313967
2021-08-02 19:35:00,29438.889003883338
2021-08-02 19:40:00,9034.5244543185
2021-08-02 19:45:00,0.0
2021-08-02 19:50:00,23442.260628890286
2021-08-02 19:55:00,58758.953200638534
2021-08-02 20:00:00,29128.820621150557
2021-08-02 20:05:00,28988.02934294833
2021-08-02 20:10:00,0.0
2021-08-02 20:15:00,11951.314074545644
2021-08-02 20:20:00,20037.82853126526
2021-08-02 20:25:00,29579.61653976819
2021-08-02 20:30:00,32963.74793410972
2021-08-02 20:35:00,2429.9035955005224
2021-08-02 20:40:00,6233.582763076641
2021-08-02 20:45:00,6336.822549396522
2021-08-02 20:50:00,6171.511984817005
2021-08-02 20:55:00,0.0
2021-08-02 21:00:00,2532.5060863983567
2021-08-02 21:05:00,8375.227839372084
2021-08-02 21:10:00,4481.39064824734
2021-08-02 21:15:00,902.9103854119265
2021-08-02 21:20:00,301.01163272936174
2021-08-02 21:25:00,0.0
2021-08-02 21:30:00,93.25733268046997
2021-08-02 21:35:00,0.0
2021-08-02 21:40:00,301.37527148173143
2021-08-02 21:45:00,893.7165079752036
2021-08-02 21:50:00,0.0
2021-08-02 21:55:00,7061.881439888943
2021-08-02 22:00:00,2680.80702461305
2021-08-02 22:05:00,2274.5688629695287
2021-08-02 22:10:00,2276.4798534383035
2021-08-02 22:15:00,93.13920690945217
2021-08-02 22:20:00,0.0
2021-08-02 22:25:00,4012.0272076803153
2021-08-02 22:30:00,603.054985191673
2021-08-02 22:35:00,93.15159609798171
2021-08-02 22:40:00,0.0
2021-08-02 22:45:00,4223.4382184531805
2021-08-02 22:50:00,1533.7419545848413
2021-08-02 22:55:00,0.0
2021-08-02 23:00:00,4425.324963945927
2021-08-02 23:05:00,395.16947011683106
2021-08-02 23:10:00,325162.5327177536
2021-08-02 23:15:00,328165.18892381206
2021-08-02 23:20:00,317737.2590537203
2021-08-02 23:25:00,0.0
2021-08-02 23:30:00,322685.43810201815
2021-08-02 23:35:00,314355.6486185139
2021-08-02 23:40:00,298979.42729174753
2021-08-02 23:45:00,307094.85529111855
2021-08-02 23:50:00,242760.10187804943
2021-08-02 23:55:00,248283.22180143133
2021-08-03 00:00:00,291301.4716174925
2021-08-03 00:05:00,6319.670244564089
2021-08-03 00:10:00,250619.88854030805
2021-08-03 00:15:00,594638.612846486
2021-08-03 00:20:00,531483.9761381226
2021-08-03 00:25:00,536883.5953784027
2021-08-03 00:30:00,538963.3381847771
2021-08-03 00:35:00,482716.2215651851
2021-08-03 00:40:00,484313.70919303846
2021-08-03 00:45:00,488101.62943360396
2021-08-03 00:50:00,12001.099208490257
2021-08-03 00:55:00,407416.76041476417
2021-08-03 01:00:00,346818.42877561407
2021-08-03 01:05:00,310115.74438773096
2021-08-03 01:10:00,286025.13919942646
2021-08-03 01:15:00,238950.30333564384
2021-08-03 01:20:00,240539.27923371395
2021-08-03 01:25:00,16344.213356236225
2021-08-03 01:30:00,205139.94118757336
2021-08-03 01:35:00,258122.2433115482
2021-08-03 01:40:00,118795.81994444162
2021-08-03 01:45:00,48822.25693292051
2021-08-03 01:50:00,37789.03191077183
2021-08-03 01:55:00,50878.28210704972
2021-08-03 02:00:00,11335.595930815694
2021-08-03 02:05:00,48773.04641124493
2021-08-03 02:10:00,58134.20832853079
2021-08-03 02:15:00,92924.91538180839
2021-08-03 02:20:00,34585.19325820354
2021-08-03 02:25:00,19297.55555201717
2021-08-03 02:30:00,56526.13591557202
2021-08-03 02:35:00,43585.49467958407
2021-08-03 02:40:00,30066.00961855027
2021-08-03 02:45:00,24550.62184014618
2021-08-03 02:50:00,40023.24515881219
2021-08-03 02:55:00,5673.161566907927
2021-08-03 03:00:00,5480.901548640247
2021-08-03 03:05:00,13849.605011519909
2021-08-03 03:10:00,19539.422235053866
2021-08-03 03:15:00,4943.002988441423
2021-08-03 03:20:00,0.0
2021-08-03 03:25:00,0.0
2021-08-03 03:30:00,9172.82313761962
2021-08-03 03:35:00,7756.385734504418
2021-08-03 03:40:00,6936.5278013548195
2021-08-03 03:45:00,12988.243593025943
2021-08-03 03:50:00,58978.72473195081
2021-08-03 03:55:00,47419.81702612981
2021-08-03 04:00:00,19748.969003586597
2021-08-03 04:05:00,10149.154034436036
2021-08-03 04:10:00,1388.2959420221823
2021-08-03 04:15:00,17261.296295622884
2021-08-03 04:20:00,6871.326058603103
2021-08-03 04:25:00,123859.2358770722
2021-08-03 04:30:00,128563.98944739997
2021-08-03 04:35:00,356232.6548123372
2021-08-03 04:40:00,122687.71245848104
2021-08-03 04:45:00,20310.103427074126
2021-08-03 04:50:00,7543.095114534222
2021-08-03 04:55:00,0.0
2021-08-03 05:00:00,15781.355523646389
2021-08-03 05:05:00,23062.851951048586
2021-08-03 05:10:00,60928.854948614666
2021-08-03 05:15:00,32217.655012015548
2021-08-03 05:20:00,39697.657970484346
2021-08-03 05:25:00,39485.99105613435
2021-08-03 05:30:00,44076.01752543577
2021-08-03 05:35:00,17616.183417102835
2021-08-03 05:40:00,0.0
2021-08-03 05:45:00,86027.05117573311
2021-08-03 05:50:00,131857.2549383876
2021-08-03 05:55:00,93955.36069058297
2021-08-03 06:00:00,125951.5044298752
2021-08-03 06:05:00,218180.81809340767
2021-08-03 06:10:00,165529.00559241202
2021-08-03 06:15:00,1912.1625115406514
2021-08-03 06:20:00,119530.44470545022
2021-08-03 06:25:00,119337.43811416725
2021-08-03 06:30:00,242089.990766121
2021-08-03 06:35:00,285714.3790829241
2021-08-03 06:40:00,228053.4699004715
2021-08-03 06:45:00,4747.099369678968
2021-08-03 06:50:00,242760.89995640228
2021-08-03 06:55:00,171885.1556779727
2021-08-03 07:00:00,221450.69474025263
2021-08-03 07:05:00,160888.73444889768
2021-08-03 07:10:00,213532.55627174713
2021-08-03 07:15:00,1892.3951497849296
2021-08-03 07:20:00,210645.8155268621
2021-08-03 07:25:00,21767.126418473305
2021-08-03 07:30:00,12658.42129920236
2021-08-03 07:35:00,20616.28364860628
2021-08-03 07:40:00,22260.386112114636
2021-08-03 07:45:00,14599.349570858261
2021-08-03 07:50:00,14207.1241860181
2021-08-03 07:55:00,4683.558398607265
2021-08-03 08:00:00,166626.48087715902
2021-08-03 08:05:00,0.0
2021-08-03 08:10:00,145086.4359939188
2021-08-03 08:15:00,111816.60894132321
2021-08-03 08:20:00,109872.9518758817
2021-08-03 08:25:00,59257.08149057793
2021-08-03 08:30:00,4544.957570715006
2021-08-03 08:35:00,22168.399963528645
2021-08-03 08:40:00,18126.315888324374
2021-08-03 08:45:00,150162.96233729762
2021-08-03 08:50:00,150075.21787546587
2021-08-03 08:55:00,140065.7615757272
2021-08-03 09:00:00,172836.65829943313
2021-08-03 09:05:00,24816.98577329769
2021-08-03 09:10:00,171233.75591928966
2021-08-03 09:15:00,130150.2567215806
2021-08-03 09:20:00,92457.93009815467
2021-08-03 09:25:00,160533.8186191283
2021-08-03 09:30:00,19414.65840632033
2021-08-03 09:35:00,7426.950061304059
2021-08-03 09:40:00,7949.632393399332
2021-08-03 09:45:00,5605.413763190914
2021-08-03 09:50:00,4363.380507668002
2021-08-03 09:55:00,0.0
2021-08-03 10:00:00,3389.9380034245523
2021-08-03 10:05:00,12337.74169105298
2021-08-03 10:10:00,139878.1870752762
2021-08-03 10:15:00,133460.45110107135
2021-08-03 10:20:00,99373.61895640256
2021-08-03 10:25:00,99597.24952100776
2021-08-03 10:30:00,63199.37648973991
2021-08-03 10:35:00,2428.0045005926922
2021-08-03 10:40:00,25549.73369099746
2021-08-03 10:45:00,15572.300980500735
2021-08-03 10:50:00,9200.13677978428
2021-08-03 10:55:00,11077.976107774362
2021-08-03 11:00:00,115425.0690077541
2021-08-03 11:05:00,112949.23495866737
2021-08-03 11:10:00,82129.03504534508
2021-08-03 11:15:00,84974.57268293604
2021-08-03 11:20:00,88269.63235131171
2021-08-03 11:25:00,0.0
2021-08-03 11:30:00,80170.65232322367
2021-08-03 11:35:00,84913.27848041248
2021-08-03 11:40:00,57487.944105603274
2021-08-03 11:45:00,10010.720551429127
2021-08-03 11:50:00,17675.322225076787
2021-08-03 11:55:00,3218.043745118474
2021-08-03 12:00:00,6550.009238775142
2021-08-03 12:05:00,7884.430612623542
2021-08-03 12:10:00,4844.761063170192
2021-08-03 12:15:00,2386.6550499175496
2021-08-03 12:20:00,9660.933316859533
2021-08-03 12:25:00,103283.14896153571
2021-08-03 12:30:00,0.0
2021-08-03 12:35:00,103506.46143999815
2021-08-03 12:40:00,83071.26752734261
2021-08-03 12:45:00,75485.1857318259
2021-08-03 12:50:00,46597.41708049375
2021-08-03 12:55:00,17908.134810172076
2021-08-03 13:00:00,4851.294266892505
2021-08-03 13:05:00,7132.202675855778
2021-08-03 13:10:00,7626.694254559424
2021-08-03 13:15:00,0.0
2021-08-03 13:20:00,106085.03010893572
2021-08-03 13:25:00,116580.06129689858
2021-08-03 13:30:00,74397.87441487085
2021-08-03 13:35:00,77586.37040771946
2021-08-03 13:40:00,55117.31140269579
2021-08-03 13:45:00,62222.26748775249
2021-08-03 13:50:00,0.0
2021-08-03 13:55:00,39055.75825647567
2021-08-03 14:00:00,15572.191262464816
2021-08-03 14:05:00,25003.69102606888
2021-08-03 14:10:00,12099.0202262954
2021-08-03 14:15:00,15861.265887262312
2021-08-03 14:20:00,1493.310039276547
2021-08-03 14:25:00,0.0
2021-08-03 14:30:00,8632.293448230655
2021-08-03 14:35:00,3735.843967209686
2021-08-03 14:40:00,5200.048168586614
2021-08-03 14:45:00,89045.36426172967
2021-08-03 14:50:00,93211.887760639
2021-08-03 14:55:00,80668.51186867546
2021-08-03 15:00:00,0.0
2021-08-03 15:05:00,54139.092566094085
2021-08-03 15:10:00,56572.27842251555
2021-08-03 15:15:00,29478.526029394525
2021-08-03 15:20:00,2304.258800947949
2021-08-03 15:25:00,2518.46057930963
2021-08-03 15:30:00,0.0
2021-08-03 15:35:00,95686.43403794829
2021-08-03 15:40:00,94441.16967161986
2021-08-03 15:45:00,83962.09789086774
2021-08-03 15:50:00,94870.79591218874
2021-08-03 15:55:00,0.0
2021-08-03 16:00:00,72141.22681388557
2021-08-03 16:05:00,72199.94862609004
2021-08-03 16:10:00,50896.53384268007
2021-08-03 16:15:00,21791.736412908056
2021-08-03 16:20:00,27966.33546693684
2021-08-03 16:25:00,0.0
2021-08-03 16:30:00,7726.436575394424
2021-08-03 16:35:00,9037.830998980442
2021-08-03 16:40:00,1489.0013457083667
2021-08-03 16:45:00,14752.26219247827
2021-08-03 16:50:00,2429.7090155611563
2021-08-03 16:55:00,7955.486540094422
2021-08-03 17:00:00,85344.8837045785
2021-08-03 17:05:00,0.0
2021-08-03 17:10:00,60039.781701241875
2021-08-03 17:15:00,62243.56140281294
2021-08-03 17:20:00,40815.973357862495
2021-08-03 17:25:00,41785.46477939643
2021-08-03 17:30:00,0.0
2021-08-03 17:35:00,23093.28858436681
2021-08-03 17:40:00,7183.246077624371
2021-08-03 17:45:00,1781.3822703448213
2021-08-03 17:50:00,69939.56254578948
2021-08-03 17:55:00,72721.41863110552
2021-08-03 18:00:00,0.0
2021-08-03 18:05:00,65015.1202709169
2021-08-03 18:10:00,88494.67411611088
2021-08-03 18:15:00,79544.23162970126
2021-08-03 18:20:00,108590.34399356367
2021-08-03 18:25:00,0.0
2021-08-03 18:30:00,59085.177946992
2021-08-03 18:35:00,62125.658421215
2021-08-03 18:40:00,268496.9085499746
2021-08-03 18:45:00,90962.38475099971
2021-08-03 18:50:00,84563.6628474263
2021-08-03 18:55:00,0.0
2021-08-03 19:00:00,93338.29851363716
2021-08-03 19:05:00,147820.11386039475
2021-08-03 19:10:00,93448.37013949413
2021-08-03 19:15:00,158552.52444582045
2021-08-03 19:20:00,0.0
2021-08-03 19:25:00,135012.77391892514
2021-08-03 19:30:00,126896.24114223054
2021-08-03 19:35:00,105562.69064639373
2021-08-03 19:40:00,0.0
2021-08-03 19:45:00,117965.91475605186
2021-08-03 19:50:00,113722.9156184016
2021-08-03 19:55:00,64857.09414182325
2021-08-03 20:00:00,84744.78307459688
2021-08-03 20:05:00,124578.04619936235
2021-08-03 20:10:00,0.0
2021-08-03 20:15:00,133396.64705552478
2021-08-03 20:20:00,128814.54102000716
2021-08-03 20:25:00,137627.4659491417
2021-08-03 20:30:00,112157.6779320971
2021-08-03 20:35:00,109715.30988126385
2021-08-03 20:40:00,0.0
2021-08-03 20:45:00,92897.68353159851
2021-08-03 20:50:00,87847.63710714066
2021-08-03 20:55:00,92558.04384204035
2021-08-03 21:00:00,67693.57680438111
2021-08-03 21:05:00,67793.04274393489
2021-08-03 21:10:00,0.0
2021-08-03 21:15:00,68007.79922139761
2021-08-03 21:20:00,67966.75320997622
2021-08-03 21:25:00,64015.32880384595
2021-08-03 21:30:00,65236.10168345397
2021-08-03 21:35:00,125272.28663088808
2021-08-03 21:40:00,108797.22541157642
2021-08-03 21:45:00,0.0
2021-08-03 21:50:00,111796.97972258317
2021-08-03 21:55:00,94865.5316510108
2021-08-03 22:00:00,97011.8781221502
2021-08-03 22:05:00,74585.34353689036
2021-08-03 22:10:00,67552.0708932491
2021-08-03 22:15:00,5768.9545486602
2021-08-03 22:20:00,75322.69968101826
2021-08-03 22:25:00,123470.92080392396
2021-08-03 22:30:00,122118.88826994748
2021-08-03 22:35:00,104697.95289790409
2021-08-03 22:40:00,106842.68757130782
2021-08-03 22:45:00,94029.02277883243
2021-08-03 22:50:00,0.0
2021-08-03 22:55:00,97964.7491712386
2021-08-03 23:00:00,86997.29927175079
2021-08-03 23:05:00,61497.40973452614
2021-08-03 23:10:00,62376.6201358318
2021-08-03 23:15:00,1819.7081179730594
2021-08-03 23:20:00,70017.54960099084
2021-08-03 23:25:00,68795.41513285691
2021-08-03 23:30:00,64991.205023757415
2021-08-03 23:35:00,63144.72610208436
2021-08-03 23:40:00,68526.17933342901
2021-08-03 23:45:00,3394.9696573795695
2021-08-03 23:50:00,62664.22286676354
2021-08-03 23:55:00,68239.03505513903
2021-08-04 00:00:00,63112.29511277797
2021-08-04 00:05:00,75991.09194904605
2021-08-04 00:10:00,66041.51100044137
2021-08-04 00:15:00,65875.53480231283
2021-08-04 00:20:00,0.0
2021-08-04 00:25:00,66594.59993608158
2021-08-04 00:30:00,68057.40558313795
2021-08-04 00:35:00,65710.296822511
2021-08-04 00:40:00,62265.580840048686
2021-08-04 00:45:00,0.0
2021-08-04 00:50:00,67232.83828046374
2021-08-04 00:55:00,72277.80885328885
2021-08-04 01:00:00,63565.78824317496
2021-08-04 01:05:00,0.0
2021-08-04 01:10:00,110617.25350619198
2021-08-04 01:15:00,4514.625272741497
2021-08-04 01:20:00,1565.6130071405767
2021-08-04 01:25:00,1492.8646211793653
2021-08-04 01:30:00,0.0
2021-08-04 01:35:00,1721.0881798610806
2021-08-04 01:40:00,1487.1131325876488
2021-08-04 01:45:00,7095.424117333056
2021-08-04 01:50:00,0.0
2021-08-04 01:55:00,7098.878857966838
2021-08-04 02:00:00,10183.538511605295
2021-08-04 02:05:00,18977.169694822325
2021-08-04 02:10:00,15840.556910174213
2021-08-04 02:15:00,7380.209028863445
2021-08-04 02:20:00,19289.147788843664
2021-08-04 02:25:00,16285.39328010908
2021-08-04 02:30:00,16547.86608041199
2021-08-04 02:35:00,15059.895964916588
2021-08-04 02:40:00,22592.80110735653
2021-08-04 02:45:00,27847.317883864078
2021-08-04 02:50:00,7986.335117764539
2021-08-04 02:55:00,0.0
2021-08-04 03:00:00,8813.393639924108
2021-08-04 03:05:00,11380.469046224902
2021-08-04 03:10:00,3281.3293363033044
2021-08-04 03:15:00,4107.662403541146
2021-08-04 03:20:00,6344.64826855808
2021-08-04 03:25:00,1729.061759283563
2021-08-04 03:30:00,0.0
2021-08-04 03:35:00,2274.470752626923
2021-08-04 03:40:00,2964.5129586765793
2021-08-04 03:45:00,5937.951249716229
2021-08-04 03:50:00,5355.475910783636
2021-08-04 03:55:00,5771.356000918485
2021-08-04 04:00:00,6173.047788577547
2021-08-04 04:05:00,9025.455763534203
2021-08-04 04:10:00,5384.856127111439
2021-08-04 04:15:00,4740.0198242593515
2021-08-04 04:20:00,13983.82183041349
2021-08-04 04:25:00,9924.71163765689
2021-08-04 04:30:00,6834.669512770112
2021-08-04 04:35:00,4073.2541765222923
2021-08-04 04:40:00,5876.443223164828
2021-08-04 04:45:00,14631.026883221968
2021-08-04 04:50:00,2290.480031381335
2021-08-04 04:55:00,2852.7467144618963
2021-08-04 05:00:00,4842.535159062227
2021-08-04 05:05:00,14987.078823658276
2021-08-04 05:10:00,33306.24709058947
2021-08-04 05:15:00,44055.512992141004
2021-08-04 05:20:00,2340.7000614845756
2021-08-04 05:25:00,5958.613618215775
2021-08-04 05:30:00,5629.003140099224
2021-08-04 05:35:00,9864.984329160949
2021-08-04 05:40:00,2636.393705338231
2021-08-04 05:45:00,13928.764590319148
2021-08-04 05:50:00,9817.150715281308
2021-08-04 05:55:00,33014.8849645374
2021-08-04 06:00:00,24994.15116810824
2021-08-04 06:05:00,14316.941664802085
2021-08-04 06:10:00,9355.417303361808
2021-08-04 06:15:00,18610.201723403865
2021-08-04 06:20:00,55649.38225772152
2021-08-04 06:25:00,57617.91785738345
2021-08-04 06:30:00,81093.44280466081
2021-08-04 06:35:00,157600.31084727994
2021-08-04 06:40:00,494142.3945929435
2021-08-04 06:45:00,430388.1710721562
2021-08-04 06:50:00,436661.2235750578
2021-08-04 06:55:00,227031.73114469502
2021-08-04 07:00:00,19566.722817328307
2021-08-04 07:05:00,2269.5399606720757
2021-08-04 07:10:00,8030.755686398533
2021-08-04 07:15:00,3310.144364109195
2021-08-04 07:20:00,59912.583494847626
2021-08-04 07:25:00,108079.36784748019
2021-08-04 07:30:00,33667.215755833065
2021-08-04 07:35:00,94639.40584442181
2021-08-04 07:40:00,13700.732593365341
2021-08-04 07:45:00,27240.454672733627
2021-08-04 07:50:00,10122.49057275854
2021-08-04 07:55:00,21183.960319404538
2021-08-04 08:00:00,62920.44865874111
2021-08-04 08:05:00,207534.880786145
2021-08-04 08:10:00,58921.83039212229
2021-08-04 08:15:00,34496.06138214469
2021-08-04 08:20:00,39586.17703129431
2021-08-04 08:25:00,149826.651816643
2021-08-04 08:30:00,182977.04604219287
2021-08-04 08:35:00,135345.2896205871
2021-08-04 08:40:00,71860.98844897692
2021-08-04 08:45:00,78088.85639674042
2021-08-04 08:50:00,194118.8132141752
2021-08-04 08:55:00,6124.467897248687
2021-08-04 09:00:00,183240.85317133323
2021-08-04 09:05:00,109161.37651021904
2021-08-04 09:10:00,51666.16817981385
2021-08-04 09:15:00,40639.150339463435
2021-08-04 09:20:00,1362.6472409916464
2021-08-04 09:25:00,38074.42957645775
2021-08-04 09:30:00,41186.82648805436
2021-08-04 09:35:00,99220.35903717672
2021-08-04 09:40:00,3615.984387121751
2021-08-04 09:45:00,88720.46997621386
2021-08-04 09:50:00,178346.20696040732
2021-08-04 09:55:00,259772.71269509575
2021-08-04 10:00:00,93359.067514453
2021-08-04 10:05:00,0.0
2021-08-04 10:10:00,20562.533873308676
2021-08-04 10:15:00,14713.936745980609
2021-08-04 10:20:00,11499.286136811741
2021-08-04 10:25:00,66566.25284943609
2021-08-04 10:30:00,41504.9190941204
2021-08-04 10:35:00,16951.49116523737
2021-08-04 10:40:00,150282.44454254198
2021-08-04 10:45:00,182408.16418486883
2021-08-04 10:50:00,172786.08637715562
2021-08-04 10:55:00,128780.18170538399
2021-08-04 11:00:00,155835.38094281685
2021-08-04 11:05:00,15493.631366482796
2021-08-04 11:10:00,29812.75748454247
2021-08-04 11:15:00,9710.100251987558
2021-08-04 11:20:00,0.0
2021-08-04 11:25:00,44532.591934887445
2021-08-04 11:30:00,45780.12684897364
2021-08-04 11:35:00,20578.941630877987
2021-08-04 11:40:00,9727.433808782656
2021-08-04 11:45:00,9856.309270115578
2021-08-04 11:50:00,34413.709958339154
2021-08-04 11:55:00,0.0
2021-08-04 12:00:00,16729.930722661848
2021-08-04 12:05:00,13894.125827248969
2021-08-04 12:10:00,10329.949871911835
2021-08-04 12:15:00,11504.637482166432
2021-08-04 12:20:00,10291.767449853289
2021-08-04 12:25:00,0.0
2021-08-04 12:30:00,30433.96145632021
2021-08-04 12:35:00,27582.766110531004
2021-08-04 12:40:00,51679.345459362514
2021-08-04 12:45:00,10333.4310208595
2021-08-04 12:50:00,13328.683667077512
2021-08-04 12:55:00,0.0
2021-08-04 13:00:00,10437.080201091503
2021-08-04 13:05:00,13807.069972784622
2021-08-04 13:10:00,13022.15488917158
2021-08-04 13:15:00,18898.438642505636
2021-08-04 13:20:00,77502.71982908592
2021-08-04 13:25:00,18073.914229128637
2021-08-04 13:30:00,27506.485611649285
2021-08-04 13:35:00,13520.52434174487
2021-08-04 13:40:00,19039.086649274293
2021-08-04 13:45:00,30995.063848441343
2021-08-04 13:50:00,1114.9883786647551
2021-08-04 13:55:00,7902.623630397634
2021-08-04 14:00:00,39424.22264073686
2021-08-04 14:05:00,37666.19205372678
2021-08-04 14:10:00,41170.046351447294
2021-08-04 14:15:00,70971.74795966083
2021-08-04 14:20:00,36833.83117252098
2021-08-04 14:25:00,4674.857601377064
2021-08-04 14:30:00,56614.138511933445
2021-08-04 14:35:00,39859.76404496248
2021-08-04 14:40:00,1069.2907731183489
2021-08-04 14:45:00,4747.950155460231
2021-08-04 14:50:00,6297.236293318853
2021-08-04 14:55:00,0.0
2021-08-04 15:00:00,1974.7175181738826
2021-08-04 15:05:00,11502.912968521245
2021-08-04 15:10:00,27774.44797274038
2021-08-04 15:15:00,10594.44696485131
2021-08-04 15:20:00,15337.631544921886
2021-08-04 15:25:00,23288.521924220193
2021-08-04 15:30:00,17699.99970729175
2021-08-04 15:35:00,7505.990882889211
2021-08-04 15:40:00,6518.427217429049
2021-08-04 15:45:00,17443.381881863683
2021-08-04 15:50:00,4549.030202934679
2021-08-04 15:55:00,23143.387336490014
2021-08-04 16:00:00,0.0
2021-08-04 16:05:00,12965.79205113907
2021-08-04 16:10:00,5199.541710130952
2021-08-04 16:15:00,1432.2340082134883
2021-08-04 16:20:00,8318.313140648987
2021-08-04 16:25:00,16193.030361382365
2021-08-04 16:30:00,0.0
2021-08-04 16:35:00,4104.375645160381
2021-08-04 16:40:00,529.3392807154397
2021-08-04 16:45:00,0.0
2021-08-04 16:50:00,75311.02876627618
2021-08-04 16:55:00,5748.1595778404
2021-08-04 17:00:00,9432.713743279592
2021-08-04 17:05:00,0.0
2021-08-04 17:10:00,8706.478781088215
2021-08-04 17:15:00,33631.216970299945
2021-08-04 17:20:00,26646.659305472585
2021-08-04 17:25:00,44559.72588122451
2021-08-04 17:30:00,66350.27007927769
2021-08-04 17:35:00,0.0
2021-08-04 17:40:00,45739.2176829441
2021-08-04 17:45:00,46547.13909899872
2021-08-04 17:50:00,25958.661668806642
2021-08-04 17:55:00,15694.17151683502
2021-08-04 18:00:00,8102.057928408402
2021-08-04 18:05:00,15305.66732553703
2021-08-04 18:10:00,1891.1026287350585
2021-08-04 18:15:00,49686.58435799536
2021-08-04 18:20:00,5772.990855826644
2021-08-04 18:25:00,4313.936972203293
2021-08-04 18:30:00,33838.39883889666
2021-08-04 18:35:00,40305.56561049657
2021-08-04 18:40:00,52325.465859352895
2021-08-04 18:45:00,0.0
2021-08-04 18:50:00,26837.357826363004
2021-08-04 18:55:00,16189.757477379024
2021-08-04 19:00:00,43256.0594659263
2021-08-04 19:05:00,1136.9515633063645
2021-08-04 19:10:00,1714.463558274404
2021-08-04 19:15:00,0.0
2021-08-04 19:20:00,3971.498806855924
2021-08-04 19:25:00,12626.609823245111
2021-08-04 19:30:00,27462.59385916056
2021-08-04 19:35:00,10443.337125773698
2021-08-04 19:40:00,9132.191363070726
2021-08-04 19:45:00,0.0
2021-08-04 19:50:00,50765.84382902382
2021-08-04 19:55:00,30983.620623858973
2021-08-04 20:00:00,22683.66377894628
2021-08-04 20:05:00,30720.849110008156
2021-08-04 20:10:00,5701.5848800135755
2021-08-04 20:15:00,263.4798464480794
2021-08-04 20:20:00,4179.310055098688
2021-08-04 20:25:00,16693.625231843205
2021-08-04 20:30:00,12902.287650473421
2021-08-04 20:35:00,26291.630704079915
2021-08-04 20:40:00,17094.122623517203
2021-08-04 20:45:00,121610.16129312839
2021-08-04 20:50:00,148722.56724131608
2021-08-04 20:55:00,35506.89920519788
2021-08-04 21:00:00,2330.3576005633386
2021-08-04 21:05:00,40338.34689050901
2021-08-04 21:10:00,2880.2075949276646
2021-08-04 21:15:00,3654.442300506663
2021-08-04 21:20:00,4630.314649346656
2021-08-04 21:25:00,13135.695082053657
2021-08-04 21:30:00,13594.046535312944
2021-08-04 21:35:00,8730.484234698768
2021-08-04 21:40:00,17329.482585187052
2021-08-04 21:45:00,21245.890944574927
2021-08-04 21:50:00,262.60619232082195
2021-08-04 21:55:00,10910.272250580218
2021-08-04 22:00:00,0.0
2021-08-04 22:05:00,1111.0302120707881
2021-08-04 22:10:00,7359.479961229823
2021-08-04 22:15:00,4588.324170673445
2021-08-04 22:20:00,0.0
2021-08-04 22:25:00,29144.641482021583
2021-08-04 22:30:00,798310.1495885793
2021-08-04 22:35:00,933162.9976864945
2021-08-04 22:40:00,880850.2063478451
2021-08-04 22:45:00,881437.783374699
2021-08-04 22:50:00,818523.655074392
2021-08-04 22:55:00,820979.0254948431
2021-08-04 23:00:00,0.0
2021-08-04 23:05:00,828721.021551613
2021-08-04 23:10:00,731407.0740926523
2021-08-04 23:15:00,692012.5145376875
2021-08-04 23:20:00,698249.4144901186
2021-08-04 23:25:00,703895.0689877906
2021-08-04 23:30:00,0.0
2021-08-04 23:35:00,691263.2168270248
2021-08-04 23:40:00,627920.8388301012
2021-08-04 23:45:00,615472.2505205396
2021-08-04 23:50:00,0.0
2021-08-04 23:55:00,634323.2006860471
2021-08-05 00:00:00,487555.3715495881
2021-08-05 00:05:00,1753212.6451781443
2021-08-05 00:10:00,0.0
2021-08-05 00:15:00,1680722.1103906375
2021-08-05 00:20:00,1559620.4261226496
2021-08-05 00:25:00,1676667.6552354633
2021-08-05 00:30:00,1669160.0563207301
2021-08-05 00:35:00,1647299.5292241385
2021-08-05 00:40:00,0.0
2021-08-05 00:45:00,1643605.6139928622
2021-08-05 00:50:00,1546926.80056001
2021-08-05 00:55:00,1668510.706708758
2021-08-05 01:00:00,25381.337106133346
2021-08-05 01:05:00,1605168.577336361
2021-08-05 01:10:00,1550613.0067058774
2021-08-05 01:15:00,1543477.0197711426
2021-08-05 01:20:00,0.0
2021-08-05 01:25:00,1513011.993234856
2021-08-05 01:30:00,1470123.550009518
2021-08-05 01:35:00,1471552.8012909156
2021-08-05 01:40:00,1401408.812603408
2021-08-05 01:45:00,0.0
2021-08-05 01:50:00,1394690.0643664952
2021-08-05 01:55:00,1381877.1754358301
2021-08-05 02:00:00,0.0
2021-08-05 02:05:00,1332313.3038993531
2021-08-05 02:10:00,1768511.703708722
2021-08-05 02:15:00,1843280.4373014895
2021-08-05 02:20:00,1837331.504739147
2021-08-05 02:25:00,0.0
2021-08-05 02:30:00,1805007.5286395098
2021-08-05 02:35:00,1775219.3223721692
2021-08-05 02:40:00,1779940.6443162116
2021-08-05 02:45:00,1750505.296951772
2021-08-05 02:50:00,0.0
2021-08-05 02:55:00,1637094.5239059478
2021-08-05 03:00:00,1614854.0549196473
2021-08-05 03:05:00,1549747.891986776
2021-08-05 03:10:00,21756.722884425748
2021-08-05 03:15:00,1411562.6696998435
2021-08-05 03:20:00,1382612.056323876
2021-08-05 03:25:00,1244461.6838314596
2021-08-05 03:30:00,1203206.4955910568
2021-08-05 03:35:00,10501.765992517825
2021-08-05 03:40:00,1036141.1260378701
2021-08-05 03:45:00,0.0
2021-08-05 03:50:00,961760.7249954566
2021-08-05 03:55:00,917073.2390006154
2021-08-05 04:00:00,850410.049828875
2021-08-05 04:05:00,756717.9185140812
2021-08-05 04:10:00,750532.614052878
2021-08-05 04:15:00,8631.328218091618
2021-08-05 04:20:00,627836.8377367753
2021-08-05 04:25:00,622190.5676399078
2021-08-05 04:30:00,528192.437508756
2021-08-05 04:35:00,569795.8421711372
2021-08-05 04:40:00,340778.2051626118
2021-08-05 04:45:00,31488.586150306783
2021-08-05 04:50:00,330167.69534176437
2021-08-05 04:55:00,295398.37457790313
2021-08-05 05:00:00,281407.66821954056
2021-08-05 05:05:00,291402.3633776379
2021-08-05 05:10:00,0.0
2021-08-05 05:15:00,245051.01309837462
2021-08-05 05:20:00,265901.27988321165
2021-08-05 05:25:00,280329.5767304392
2021-08-05 05:30:00,269162.37085914664
2021-08-05 05:35:00,207778.3313536015
2021-08-05 05:40:00,1545.7455008789113
2021-08-05 05:45:00,174102.33280784544
2021-08-05 05:50:00,181856.21355580684
2021-08-05 05:55:00,136721.88130609292
2021-08-05 06:00:00,129650.3436545216
2021-08-05 06:05:00,47939.29902459104
2021-08-05 06:10:00,109653.23684642279
2021-08-05 06:15:00,74445.24902319124
2021-08-05 06:20:00,51339.465814949544
2021-08-05 06:25:00,32080.42429635922
2021-08-05 06:30:00,272662.74060162465
2021-08-05 06:35:00,281955.927204241
2021-08-05 06:40:00,238589.18052088004
2021-08-05 06:45:00,288571.60392033
2021-08-05 06:50:00,239607.60560927828
2021-08-05 06:55:00,7520.59685333673
2021-08-05 07:00:00,375413.5398458952
2021-08-05 07:05:00,290656.3351043068
2021-08-05 07:10:00,23290.87655260189
2021-08-05 07:15:00,194300.9049339443
2021-08-05 07:20:00,84533.80246856954
2021-08-05 07:25:00,211428.67597875837
2021-08-05 07:30:00,162477.41589512827
2021-08-05 07:35:00,11835.468577996366
2021-08-05 07:40:00,145039.1349487123
2021-08-05 07:45:00,169095.9005904907
2021-08-05 07:50:00,212003.71180101548
2021-08-05 07:55:00,151373.60867118248
2021-08-05 08:00:00,259435.89856761676
2021-08-05 08:05:00,140652.84133357505
2021-08-05 08:10:00,32865.163433529524
2021-08-05 08:15:00,16542.38398263919
2021-08-05 08:20:00,47248.30260702258
2021-08-05 08:25:00,68702.277725805
2021-08-05 08:30:00,75656.73324269941
2021-08-05 08:35:00,28542.07544345827
2021-08-05 08:40:00,298178.835460102
2021-08-05 08:45:00,279066.7591422572
2021-08-05 08:50:00,293713.5763842003
2021-08-05 08:55:00,0.0
2021-08-05 09:00:00,259257.2334105815
2021-08-05 09:05:00,187759.44623879006
2021-08-05 09:10:00,1575.4040355336936
2021-08-05 09:15:00,124216.07548320648
2021-08-05 09:20:00,560341.1782110218
2021-08-05 09:25:00,428805.85835868097
2021-08-05 09:30:00,370828.71351908956
2021-08-05 09:35:00,14758.672880554548
2021-08-05 09:40:00,222044.59266375942
2021-08-05 09:45:00,303262.26571838115
2021-08-05 09:50:00,198089.5146414246
2021-08-05 09:55:00,2698.2850610598057
2021-08-05 10:00:00,166161.067638766
